[
    {
        "userId":"bc6c4139-6a05-4e45-88ae-d5f180631046",
        "userName":"Carlos",
        "userSurname":"García",
        "password":"contraseñatrabajo",
        "books": [
            {
                "bookId":"f8e66e3d-010c-4165-a61f-bd71e408b889",
                "bookTitle":"Trasiego Sistemático",
                "bookEditorial":"SGE SA",
                "bookPublication": 2024,
                "libraryId":"1e42917d-ec84-4e0a-a5d4-5a34b9a1c036"
            },
            {
                "bookId": "1b502eab-08d2-4e17-b25f-682f6abf1f53",
                "bookTitle": "El Juego de Ender",
                "bookEditorial": "Ediciones B",
                "bookPublication": 1985,
                "libraryId": "0a1f8a1d-ba2b-4c3a-8b97-04fc86a5ebd4"
            },
            {
                "bookId": "762312ff-343d-44c0-baeb-15c3c335dd4c",
                "bookTitle": "Cien años de soledad",
                "bookEditorial": "Editorial Sudamericana",
                "bookPublication": 1967,
                "libraryId": "0a1f8a1d-ba2b-4c3a-8b97-04fc86a5ebd4"
            }
        ]
    },
    {
        "userId": "9a587f4e-2954-4b9d-8baf-3eae62a61b84",
        "userName": "María",
        "userSurname": "López",
        "password": "maria1234",
        "books": [
            {
                "bookId": "1aeb1c79-f722-4eb3-9cbf-2381b024ad4d",
                "bookTitle": "La sombra del viento",
                "bookEditorial": "Planeta",
                "bookPublication": 2001,
                "libraryId": "1e42917d-ec84-4e0a-a5d4-5a34b9a1c036"
            },
            {
                "bookId": "12d0d2b2-3d6e-44f2-b722-234b32be656f",
                "bookTitle": "Don Quijote de la Mancha",
                "bookEditorial": "Juan de la Cuesta",
                "bookPublication": 1605,
                "libraryId": "8e518d9a-6841-4aa0-a60f-c3e62ff14192"
            }
        ]
    },
    {
        "userId": "e8ebe88d-0537-42fb-bab6-fac56d4ac425",
        "userName": "Ana",
        "userSurname": "Martínez",
        "password": "anita123",
        "books": [
            {
                "bookId": "da06280a-d3d1-4c88-b5a6-209666a4b574",
                "bookTitle": "El Alquimista",
                "bookEditorial": "HarperCollins",
                "bookPublication": 1988,
                "libraryId": "0a1f8a1d-ba2b-4c3a-8b97-04fc86a5ebd4"
            },
            {
                "bookId": "890d4a0f-9ee5-4cb5-b6e5-2f8f88ec3313",
                "bookTitle": "Orgullo y prejuicio",
                "bookEditorial": "T. Egerton, Whitehall",
                "bookPublication": 1813,
                "libraryId": "0a1f8a1d-ba2b-4c3a-8b97-04fc86a5ebd4"
            },
            {
                "bookId": "dfc97824-6a2e-4e20-ae6d-71b00d0188b1",
                "bookTitle": "1984",
                "bookEditorial": "Secker & Warburg",
                "bookPublication": 1949,
                "libraryId": "fdd1847a-8a47-42a2-9fc1-905b52ccfa3f"
            }
        ]
    },
    {
        "userId": "c9d10b1f-055e-4c1b-8b14-8da08e37a0b5",
        "userName": "Juan",
        "userSurname": "Rodríguez",
        "password": "juani123",
        "books": [
            {
                "bookId": "3fc19021-f61c-4c8b-91b1-7b1c82bc48a3",
                "bookTitle": "El principito",
                "bookEditorial": "Gallimard",
                "bookPublication": 1943,
                "libraryId": "1e42917d-ec84-4e0a-a5d4-5a34b9a1c036"
            },
            {
                "bookId": "4a6d8994-3c3b-421e-b51e-4301e8fc6140",
                "bookTitle": "Rayuela",
                "bookEditorial": "Editorial Sudamericana",
                "bookPublication": 1963,
                "libraryId": "2d5476f8-ec46-4e56-8c5b-7c6f5d91c58a"
            }
        ]
    },
    {
        "userId": "71d0ff20-9a5b-4fa8-a366-d6932e6791b2",
        "userName": "Laura",
        "userSurname": "Díaz",
        "password": "laura1234",
        "books": [
            {
                "bookId": "d5e90c5f-d7c8-4b5c-924b-f78a272cf55f",
                "bookTitle": "El código Da Vinci",
                "bookEditorial": "Doubleday",
                "bookPublication": 2003,
                "libraryId": "1e42917d-ec84-4e0a-a5d4-5a34b9a1c036"
            },
            {
                "bookId": "b2dd932d-fcba-4b16-a3fc-58a69d23c48e",
                "bookTitle": "Moby Dick",
                "bookEditorial": "Harper & Brothers",
                "bookPublication": 1851,
                "libraryId": "1e42917d-ec84-4e0a-a5d4-5a34b9a1c036"
            },
            {
                "bookId": "a0dc1de3-8d35-4e0e-9a53-0a24371e9f34",
                "bookTitle": "Harry Potter y la piedra filosofal",
                "bookEditorial": "Salamandra",
                "bookPublication": 1997,
                "libraryId": "2d5476f8-ec46-4e56-8c5b-7c6f5d91c58a"
            }
        ]
    }  
]